{
  "assetsByChunkName": {
    "vendors~app-account~app-confirmation~app-order": "chunk.4ab37eb76fd0a3eb23d6.js",
    "vendors~app-account~app-checkout": "chunk.3ff995cf504c0ac80e7b.js",
    "vendors~app-cart~app-checkout": "chunk.815cd13f9ff575d01f87.js",
    "admin": [
      "admin.bbd83c2cfbabb8cd6437.js",
      "admin.bbd83c2cfbabb8cd6437.js.map"
    ],
    "app-account": "chunk.26b1a4437c66a2dd1d95.js",
    "app-confirmation": "chunk.fe6858fc08016c1bcfbb.js",
    "app-order": "chunk.11cf6db810cda0f4831c.js",
    "checkout": [
      "checkout.37d39dbe0db3b95e6309.js",
      "checkout.37d39dbe0db3b95e6309.js.map"
    ],
    "storefront": [
      "storefront.78281bd7ecbfe73956fc.css",
      "storefront.95dd45e028b3f08a3128.js",
      "storefront.78281bd7ecbfe73956fc.css.map",
      "storefront.95dd45e028b3f08a3128.js.map"
    ],
    "vendors~app-cart": "chunk.f41d8d9c054f7a3c222f.js",
    "vendors~app-checkout": "chunk.58c9d08b5520c4a12cca.js"
  }
}